{
	"info": {
		"_postman_id": "4a5c74b7-ed92-494d-82d7-3f44bc17ee3d",
		"name": "AvansTestSuite",
		"schema": "https://schema.getpostman.com/json/collection/v2.1.0/collection.json",
		"_exporter_id": "40330203"
	},
	"item": [
		{
			"name": "GetPaymentMethodCollection",
			"item": [
				{
					"name": "HappyFlow",
					"event": [
						{
							"listen": "test",
							"script": {
								"exec": [
									"pm.test(\"Status code is 200\", function () {\r",
									"    pm.response.to.have.status(200);\r",
									"});\r",
									"\r",
									"pm.test(\"Content-Type is text/xml\", function () {\r",
									"    pm.response.to.have.header(\"Content-Type\", \"text/xml; charset=utf-8\");\r",
									"});\r",
									"\r",
									"pm.test(\"SOAP has body\", function () {\r",
									"    var xmlResponse = pm.response.text();\r",
									"    pm.expect(xmlResponse).to.include('<s:Body>');\r",
									"});\r",
									"\r",
									"pm.test(\"XML structure is valid\", function () {\r",
									"    var xmlResponse = pm.response.text();\r",
									"    pm.expect(xmlResponse).to.include('<s:Envelope xmlns:s=\"http://schemas.xmlsoap.org/soap/envelope/\">');\r",
									"    pm.expect(xmlResponse).to.include('<s:Body>');\r",
									"    pm.expect(xmlResponse).to.include('<GetPaymentMethodCollectionResponse xmlns=\"http://tempuri.org/\">');\r",
									"});"
								],
								"type": "text/javascript",
								"packages": {}
							}
						}
					],
					"request": {
						"method": "POST",
						"header": [
							{
								"key": "Content-Type",
								"value": "text/xml; charset=utf-8",
								"type": "text"
							},
							{
								"key": "SOAPAction",
								"value": "\"http://tempuri.org/INopService/GetPaymentMethodCollection\"",
								"type": "text"
							}
						],
						"body": {
							"mode": "raw",
							"raw": "<soapenv:Envelope xmlns:soapenv=\"http://schemas.xmlsoap.org/soap/envelope/\" xmlns:tem=\"http://tempuri.org/\">\r\n   <soapenv:Header/>\r\n   <soapenv:Body>\r\n      <tem:GetPaymentMethodCollection>\r\n         <!--Optional:-->\r\n         <tem:usernameOrEmail>r.sarikaya@student.avans.nl</tem:usernameOrEmail>\r\n         <!--Optional:-->\r\n         <tem:userPassword>Welkom01!</tem:userPassword>\r\n      </tem:GetPaymentMethodCollection>\r\n   </soapenv:Body>\r\n</soapenv:Envelope>",
							"options": {
								"raw": {
									"language": "xml"
								}
							}
						},
						"url": {
							"raw": "http://demowebshop.tricentis.com/Plugins/Misc.WebServicesCustomer/Remote/NopService.svc",
							"protocol": "http",
							"host": [
								"demowebshop",
								"tricentis",
								"com"
							],
							"path": [
								"Plugins",
								"Misc.WebServicesCustomer",
								"Remote",
								"NopService.svc"
							]
						}
					},
					"response": []
				},
				{
					"name": "WrongUsername",
					"event": [
						{
							"listen": "test",
							"script": {
								"exec": [
									"pm.test(\"Wrong Username\", function () {\r",
									"    var response = pm.response.text();\r",
									"    var faultCode = response.match(/<faultcode[^>]*>(.*?)<\\/faultcode>/);\r",
									"    pm.expect(faultCode[1]).to.equal(\"a:InternalServiceFault\");\r",
									"});\r",
									"\r",
									"pm.test(\"Status code is 500\", function () {\r",
									"    pm.response.to.have.status(500);\r",
									"});\r",
									"\r",
									"pm.test(\"Content-Type is text/xml\", function () {\r",
									"    pm.response.to.have.header(\"Content-Type\", \"text/xml; charset=utf-8\");\r",
									"});\r",
									"\r",
									"pm.test(\"SOAP has body\", function () {\r",
									"    var xmlResponse = pm.response.text();\r",
									"    pm.expect(xmlResponse).to.include('<s:Body>');\r",
									"});\r",
									"\r",
									"pm.test(\"XML structure is valid\", function () {\r",
									"    var xmlResponse = pm.response.text();\r",
									"    pm.expect(xmlResponse).to.include('<s:Envelope xmlns:s=\"http://schemas.xmlsoap.org/soap/envelope/\">');\r",
									"    pm.expect(xmlResponse).to.include('<s:Body>');\r",
									"});"
								],
								"type": "text/javascript",
								"packages": {}
							}
						}
					],
					"request": {
						"method": "POST",
						"header": [
							{
								"key": "Content-Type",
								"value": "text/xml; charset=utf-8",
								"type": "text"
							},
							{
								"key": "SOAPAction",
								"value": "\"http://tempuri.org/INopService/GetPaymentMethodCollection\"",
								"type": "text"
							}
						],
						"body": {
							"mode": "raw",
							"raw": "<soapenv:Envelope xmlns:soapenv=\"http://schemas.xmlsoap.org/soap/envelope/\" xmlns:tem=\"http://tempuri.org/\">\r\n   <soapenv:Header/>\r\n   <soapenv:Body>\r\n      <tem:GetPaymentMethodCollection>\r\n         <!--Optional:-->\r\n         <tem:usernameOrEmail>OnbekendeGebruiker</tem:usernameOrEmail>\r\n         <!--Optional:-->\r\n         <tem:userPassword>Welkom01!</tem:userPassword>\r\n      </tem:GetPaymentMethodCollection>\r\n   </soapenv:Body>\r\n</soapenv:Envelope>",
							"options": {
								"raw": {
									"language": "xml"
								}
							}
						},
						"url": {
							"raw": "http://demowebshop.tricentis.com/Plugins/Misc.WebServicesCustomer/Remote/NopService.svc",
							"protocol": "http",
							"host": [
								"demowebshop",
								"tricentis",
								"com"
							],
							"path": [
								"Plugins",
								"Misc.WebServicesCustomer",
								"Remote",
								"NopService.svc"
							]
						}
					},
					"response": []
				},
				{
					"name": "WrongPassword",
					"event": [
						{
							"listen": "test",
							"script": {
								"exec": [
									"pm.test(\"Wrong Password\", function () {\r",
									"    var response = pm.response.text();\r",
									"    var faultCode = response.match(/<faultcode[^>]*>(.*?)<\\/faultcode>/);\r",
									"    pm.expect(faultCode[1]).to.equal(\"a:InternalServiceFault\");\r",
									"});\r",
									"\r",
									"pm.test(\"Status code is 500\", function () {\r",
									"    pm.response.to.have.status(500);\r",
									"});\r",
									"\r",
									"pm.test(\"Content-Type is text/xml\", function () {\r",
									"    pm.response.to.have.header(\"Content-Type\", \"text/xml; charset=utf-8\");\r",
									"});\r",
									"\r",
									"pm.test(\"SOAP has body\", function () {\r",
									"    var xmlResponse = pm.response.text();\r",
									"    pm.expect(xmlResponse).to.include('<s:Body>');\r",
									"});\r",
									"\r",
									"pm.test(\"XML structure is valid\", function () {\r",
									"    var xmlResponse = pm.response.text();\r",
									"    pm.expect(xmlResponse).to.include('<s:Envelope xmlns:s=\"http://schemas.xmlsoap.org/soap/envelope/\">');\r",
									"    pm.expect(xmlResponse).to.include('<s:Body>');\r",
									"});"
								],
								"type": "text/javascript",
								"packages": {}
							}
						}
					],
					"request": {
						"method": "POST",
						"header": [
							{
								"key": "Content-Type",
								"value": "text/xml; charset=utf-8",
								"type": "text"
							},
							{
								"key": "SOAPAction",
								"value": "\"http://tempuri.org/INopService/GetPaymentMethodCollection\"",
								"type": "text"
							}
						],
						"body": {
							"mode": "raw",
							"raw": "<soapenv:Envelope xmlns:soapenv=\"http://schemas.xmlsoap.org/soap/envelope/\" xmlns:tem=\"http://tempuri.org/\">\r\n   <soapenv:Header/>\r\n   <soapenv:Body>\r\n      <tem:GetPaymentMethodCollection>\r\n         <!--Optional:-->\r\n         <tem:usernameOrEmail>r.sarikaya@student.avans.nl</tem:usernameOrEmail>\r\n         <!--Optional:-->\r\n         <tem:userPassword>VerkeerdeWachtwoord</tem:userPassword>\r\n      </tem:GetPaymentMethodCollection>\r\n   </soapenv:Body>\r\n</soapenv:Envelope>",
							"options": {
								"raw": {
									"language": "xml"
								}
							}
						},
						"url": {
							"raw": "http://demowebshop.tricentis.com/Plugins/Misc.WebServicesCustomer/Remote/NopService.svc",
							"protocol": "http",
							"host": [
								"demowebshop",
								"tricentis",
								"com"
							],
							"path": [
								"Plugins",
								"Misc.WebServicesCustomer",
								"Remote",
								"NopService.svc"
							]
						}
					},
					"response": []
				},
				{
					"name": "SOAPError",
					"event": [
						{
							"listen": "test",
							"script": {
								"exec": [
									"pm.test(\"Soap Error\", function () {\r",
									"    var response = pm.response.text();\r",
									"    var faultCode = response.match(/<faultcode[^>]*>(.*?)<\\/faultcode>/);\r",
									"    pm.expect(faultCode[1]).to.equal(\"a:InternalServiceFault\");\r",
									"});\r",
									"\r",
									"pm.test(\"Status code is 500\", function () {\r",
									"    pm.response.to.have.status(500);\r",
									"});\r",
									"\r",
									"pm.test(\"Content-Type is text/xml\", function () {\r",
									"    pm.response.to.have.header(\"Content-Type\", \"text/xml; charset=utf-8\");\r",
									"});\r",
									"\r",
									"pm.test(\"SOAP has body\", function () {\r",
									"    var xmlResponse = pm.response.text();\r",
									"    pm.expect(xmlResponse).to.include('<s:Body>');\r",
									"});\r",
									"\r",
									"pm.test(\"XML structure is valid\", function () {\r",
									"    var xmlResponse = pm.response.text();\r",
									"    pm.expect(xmlResponse).to.include('<s:Envelope xmlns:s=\"http://schemas.xmlsoap.org/soap/envelope/\">');\r",
									"    pm.expect(xmlResponse).to.include('<s:Body>');\r",
									"});"
								],
								"type": "text/javascript",
								"packages": {}
							}
						}
					],
					"request": {
						"method": "POST",
						"header": [
							{
								"key": "Content-Type",
								"value": "text/xml; charset=utf-8",
								"type": "text"
							},
							{
								"key": "SOAPAction",
								"value": "\"http://tempuri.org/INopService/GetPaymentMethodCollection\"",
								"type": "text"
							}
						],
						"body": {
							"mode": "raw",
							"raw": "<soapenv:Envelope xmlns:soapenv=\"http://schemas.xmlsoap.org/soap/envelope/\" xmlns:tem=\"http://tempuri.org/\">\r\n   <soapenv:Header/>\r\n   <soapenv:Body>\r\n      <tem:NonExistentOperation>\r\n         <!--Optional:-->\r\n         <tem:usernameOrEmail>r.sarikaya@student.avans.nl</tem:usernameOrEmail>\r\n         <!--Optional:-->\r\n         <tem:userPassword>Welkom01!</tem:userPassword>\r\n      </tem:NonExistentOperation>\r\n   </soapenv:Body>\r\n</soapenv:Envelope>",
							"options": {
								"raw": {
									"language": "xml"
								}
							}
						},
						"url": {
							"raw": "http://demowebshop.tricentis.com/Plugins/Misc.WebServicesCustomer/Remote/NopService.svc",
							"protocol": "http",
							"host": [
								"demowebshop",
								"tricentis",
								"com"
							],
							"path": [
								"Plugins",
								"Misc.WebServicesCustomer",
								"Remote",
								"NopService.svc"
							]
						}
					},
					"response": []
				}
			]
		}
	]
}